{"bestfitness": 84.2830960073584, "meanfitness": 8.305511267482128, "_timestamp": 1653351630, "_runtime": 7, "_step": 0}