{"bestfitness": 50.57294229403817, "meanfitness": 7.075973185773593, "_timestamp": 1653351524, "_runtime": 8, "_step": 0}