{"bestfitness": 61.52594243003608, "meanfitness": 7.08442511698155, "runtimelength": 2.2681195735931396, "_timestamp": 1653361606, "_runtime": 8, "_step": 1}