{"bestfitness": 97.26948083854826, "meanfitness": 7.551963014761376, "_timestamp": 1653352407, "_runtime": 25, "_step": 3}