{"bestfitness": 97.33356349508571, "meanfitness": 7.629672853416318, "runtimelength": 5.716783285140991, "_timestamp": 1653354781, "_runtime": 1185, "_step": 199, "_wandb": {"runtime": 1184}}