{"meanfitness": 8.909102110429929, "_timestamp": 1653236002, "_runtime": 113, "_step": 45, "bestfitness": 91.26616884240141}