{"bestfitness": 99.99999999999885, "meanfitness": 24.355978037201975, "runtimelength": 3.198287010192871, "_timestamp": 1653356034, "_runtime": 551, "_step": 153}