{"bestfitness": 41.52209651133052, "meanfitness": 6.876522531387561, "_timestamp": 1653351895, "_runtime": 71, "_step": 6}