{"meanfitness": 6.622814285489225, "_timestamp": 1653236031, "_runtime": 24, "_step": 5, "bestfitness": 99.7147969502721}