{"bestfitness": 50.937643086039216, "meanfitness": 6.736424845911619, "_timestamp": 1653269927, "_runtime": 25, "_step": 3}