{"bestfitness": 99.99999999999952, "meanfitness": 29.64590620836693, "runtimelength": 1.848371982574463, "_timestamp": 1653537085, "_runtime": 581, "_step": 299, "_wandb": {"runtime": 579}}