{"bestfitness": 10.735693617307886, "meanfitness": 9.413055415311197, "_timestamp": 1653270303, "_runtime": 130, "_step": 29}