{"bestfitness": 99.86554853862816, "meanfitness": 11.22063778985874, "_timestamp": 1653270163, "_runtime": 220, "_step": 57}