{"meanfitness": 5.719924489977023, "_timestamp": 1653235863, "_runtime": 66, "_step": 21, "bestfitness": 10.054994974864746}