{"bestfitness": 99.99999991655211, "meanfitness": 35.96729733791436, "_timestamp": 1653271793, "_runtime": 1378, "_step": 199, "_wandb": {"runtime": 1376}}