{"bestfitness": 53.44649304768645, "_timestamp": 1653259347, "_runtime": 146, "_step": 29, "meanfitness": 5.006424026753984}