{"bestfitness": 98.81421860440932, "meanfitness": 10.201876218597011, "runtimelength": 2.011744499206543, "_timestamp": 1653363278, "_runtime": 789, "_step": 299, "_wandb": {"runtime": 787}}