{"bestfitness": 94.22270275972164, "meanfitness": 11.708352008780196, "_timestamp": 1653261778, "_runtime": 899, "_step": 99, "_wandb": {"runtime": 892}}