{"bestfitness": 26.816234064943394, "meanfitness": 6.39606735902027, "_timestamp": 1653352510, "_runtime": 35, "_step": 4}