{"bestfitness": 99.99999999995981, "_timestamp": 1653259075, "_runtime": 363, "_step": 98, "meanfitness": 20.798079488347994, "_wandb": {"runtime": 360}}