{"bestfitness": 97.34543446736052, "meanfitness": 5.803519522186502, "_timestamp": 1653352376, "_runtime": 25, "_step": 3}