{"bestfitness": 91.65009372202043, "meanfitness": 20.511637526991674, "_timestamp": 1653262665, "_runtime": 867, "_step": 99, "_wandb": {"runtime": 861}}