{"meanfitness": 2322.1927289569526, "_timestamp": 1653234403, "_runtime": 137, "_step": 9, "bestfitness": 9815.786729263753}