{"bestfitness": 38.283607204272116, "meanfitness": 6.608856481832961, "_timestamp": 1653352254, "_runtime": 19, "_step": 2}