{"bestfitness": 91.93832428440498, "meanfitness": 10.434973059998637, "_timestamp": 1653263070, "_runtime": 326, "_step": 25}