{"bestfitness": 99.99999999999203, "meanfitness": 47.44300596224611, "_timestamp": 1653350611, "_runtime": 658, "_step": 199, "_wandb": {"runtime": 656}}