{"meanfitness": 5143.707710440627, "_timestamp": 1653234852, "_runtime": 81, "_step": 31, "bestfitness": 9983.77356436542}