{"bestfitness": 40.67878829368602, "meanfitness": 7.250259823851801, "_timestamp": 1653351941, "_runtime": 24, "_step": 3}