{"bestfitness": 2000, "meanfitness": 265.1741293532338, "runtimelength": 5.391810178756714, "_timestamp": 1653864223, "_runtime": 494, "_step": 99, "_wandb": {"runtime": 491}}