{"bestfitness": 28.320863757865993, "meanfitness": 7.402186042323478, "_timestamp": 1653351108, "_runtime": 13, "_step": 1}