{"bestfitness": 63.20049181995221, "meanfitness": 6.243126078821697, "_timestamp": 1653351133, "_runtime": 18, "_step": 4}