{"bestfitness": 13.571710410611534, "meanfitness": 9.70049737407769, "_timestamp": 1653268915, "_runtime": 148, "_step": 45}