{"bestfitness": 99.99742356636278, "meanfitness": 12.667236026961985, "_timestamp": 1653269295, "_runtime": 155, "_step": 27}