{"bestfitness": 71.9040530689333, "meanfitness": 6.1168446413089965, "_timestamp": 1653352311, "_runtime": 13, "_step": 1}