{"bestfitness": 20.255832044191095, "meanfitness": 8.405848202684648, "_timestamp": 1653267992, "_runtime": 52, "_step": 9}