{"bestfitness": 94.6388417056534, "meanfitness": 7.145573211226955, "_timestamp": 1653270356, "_runtime": 33, "_step": 4}