{"meanfitness": 1.8222496158613397, "_timestamp": 1653235782, "_runtime": 139, "_step": 59, "bestfitness": 562.6109664228968}