{"bestfitness": 14.878483336949342, "meanfitness": 5.71648455588882, "_timestamp": 1653351550, "_runtime": 9, "_step": 0}