{"bestfitness": 10.680568266332665, "meanfitness": 5.139694444645554, "_timestamp": 1653273531, "_runtime": 1726, "_step": 113}