{"bestfitness": 42.744018778546355, "meanfitness": 7.353244387794769, "runtimelength": 1.3317220211029053, "_timestamp": 1653361648, "_runtime": 5, "_step": 0}