{"bestfitness": 21.311147832835555, "meanfitness": 9.74041160682237, "_timestamp": 1653269741, "_runtime": 319, "_step": 92}