{"bestfitness": 99.99999999999577, "meanfitness": 31.433974918261374, "runtimelength": 3.062983751296997, "_timestamp": 1653353566, "_runtime": 738, "_step": 199, "_wandb": {"runtime": 737}}