{"bestfitness": 40.076280494368355, "meanfitness": 7.3340512985718975, "_timestamp": 1653352131, "_runtime": 13, "_step": 1}