{"bestfitness": 89.72763161423916, "meanfitness": 6.287840503308022, "_timestamp": 1653351208, "_runtime": 11, "_step": 2}