{"meanfitness": 12.734552038472275, "_timestamp": 1653258435, "_runtime": 354, "_step": 97, "bestfitness": 99.99996741681534}