{"bestfitness": 99.99999999999699, "meanfitness": 42.16216501165875, "runtimelength": 1.4133644104003906, "_timestamp": 1653362179, "_runtime": 518, "_step": 299, "_wandb": {"runtime": 517}}