{"meanfitness": 5.819069658640666, "_timestamp": 1653236106, "_runtime": 69, "_step": 21, "bestfitness": 99.69091309308291}