{"meanfitness": 2277.9611104486635, "_timestamp": 1653234606, "_runtime": 81, "_step": 5, "bestfitness": 9925.178549236827}