{"meanfitness": 2567.4208941310794, "_timestamp": 1653234699, "_runtime": 54, "_step": 3, "bestfitness": 9667.285849152826}