{"meanfitness": 2812.461780946674, "_timestamp": 1653234737, "_runtime": 14, "_step": 3, "bestfitness": 9497.301524414708}