{"bestfitness": 10.36004184648156, "meanfitness": 9.642170559034186, "_timestamp": 1653264287, "_runtime": 921, "_step": 99, "_wandb": {"runtime": 919}}