{"meanfitness": 2860.1878007154396, "_timestamp": 1653234501, "_runtime": 55, "_step": 3, "bestfitness": 9877.579561801056}