{"bestfitness": 96.39349095596448, "meanfitness": 6.347086004236476, "_timestamp": 1653351029, "_runtime": 20, "_step": 2}