{"bestfitness": 99.99999999999586, "meanfitness": 31.376836659911262, "_timestamp": 1653267264, "_runtime": 829, "_step": 99, "_wandb": {"runtime": 825}}