{"bestfitness": 99.99999995146777, "meanfitness": 34.53200650127801, "_timestamp": 1653268683, "_runtime": 663, "_step": 199, "_wandb": {"runtime": 659}}