{"bestfitness": 85.56386698047291, "meanfitness": 7.478581132817804, "runtimelength": 4.052131414413452, "_timestamp": 1653352819, "_runtime": 96, "_step": 18}