{"bestfitness": 84.16020554272242, "meanfitness": 11.614465004829656, "_timestamp": 1653259975, "_runtime": 252, "_step": 49, "_wandb": {"runtime": 249}}