{"bestfitness": 56.25428095867422, "meanfitness": 10.615228499807642, "_timestamp": 1653269414, "_runtime": 100, "_step": 21}