{"bestfitness": 21.69434312925625, "meanfitness": 7.063814065062174, "runtimelength": 3.0269908905029297, "_timestamp": 1653361179, "_runtime": 7, "_step": 0}