{"bestfitness": 93.39636296392612, "meanfitness": 10.730166498149497, "_timestamp": 1653269089, "_runtime": 154, "_step": 39}