{"bestfitness": 87.14630122786858, "meanfitness": 7.876310619128347, "runtimelength": 5.726851940155029, "_timestamp": 1653356140, "_runtime": 19, "_step": 2}