{"bestfitness": 50.53459877246743, "meanfitness": 6.508927086130869, "_timestamp": 1653351720, "_runtime": 24, "_step": 3}