{"bestfitness": 89.74503263024502, "meanfitness": 11.431177749397301, "_timestamp": 1653260869, "_runtime": 516, "_step": 52}